House Name,teta0,teta1,teta2,teta3,teta4,teta5,teta6,teta7,teta8,teta9
Ravenclaw,-0.26312913319788983,0.2858595217911625,-0.029767444150268215,0.6895901140566862,1.5700500964171529,0.2147580249285959,0.6836860652298316,-0.09907097637704297,1.028597163038219,-0.2851447683814454
Slytherin,-0.8540341210861714,0.7562289976860882,-1.0691658959143817,0.06391808148533623,-1.2712762074137423,0.9882092598344951,1.6556225416184231,0.04168025427930237,0.3058539202460364,-1.5872518710502088
Gryffindor,0.6328476683923335,-0.6309846194023614,1.619798130489901,-0.13708307747783274,1.4476566660767387,-1.0617591432444862,-0.3482071313925509,0.6177503201175567,0.3996126518498996,1.7174400598824235
Hufflepuff,1.5996203669131015,-1.675711026467757,0.43092627388143223,-1.765683786442755,-1.7745788297476388,0.751601271518672,0.44434861984289253,-0.5922057437755452,-0.23286338148596203,-0.2821230074999109
