House Name,Muggle Studies,Charms,History of Magic,Flying,Astronomy,Defense Against the Dark Arts,Ancient Runes,Potions,Care of Magical Creatures
Ravenclaw,-0.40664131130452924,0.3949168909485474,0.7573318597691201,0.6118408324804248,0.10222473800760168,0.005286258668594916,0.005349679255421568,0.7665313887347578,0.016765225336268792
Slytherin,-0.5973508732186226,0.6122976558517853,-0.24112472292634926,-0.358644799375507,0.00961692906797436,0.4979308592340495,0.007891036142783504,-0.5581971412381853,-0.3551563016268542
Gryffindor,0.14539056067423953,-0.14000045430621144,0.00018332048640335967,0.558313840662573,-0.6379297475530854,-0.19201970207987648,-0.01817107187067452,-0.34414496793471766,0.6692381481227573
Hufflepuff,0.8586016125218507,-0.8672140808631512,-0.5163904418073465,-0.8115098658193108,0.5260880860376997,-0.31119741207371243,0.00493036243237927,0.13581073353351752,-0.3308470778260555
