House Name,teta0,teta1,teta2,teta3,teta4,teta5,teta6,teta7,teta8
Ravenclaw,-0.6069021430783968,0.6037440731265565,0.8840957636264106,0.7791374700149222,0.16762176717268362,0.1148865760442679,0.07578305965110733,0.9520799066101729,-0.08765029917036947
Slytherin,-0.8951498158357744,0.9648705819979073,-0.3332835732427121,-0.7695448962546227,0.3871413010902719,0.7491086936558646,-0.020599949184359582,-0.5585735784312741,-0.8943048589281194
Gryffindor,0.47507635955463856,-0.47315767707949463,-0.08074483441411777,0.7008739166515128,-0.8572254767549042,-0.1864969137445772,0.104898342478776,-0.3616761824811719,1.0740276627095868
Hufflepuff,1.4037076546444498,-1.4211978255324873,-1.1343462345019282,-1.3615278707035705,0.730267563630165,-0.44799266286617856,-0.14151107409074268,-0.11204607650699218,-0.4328878931798013
