House Name,teta0,teta1,teta2,teta3,teta4,teta5,teta6,teta7,teta8,teta9
Ravenclaw,-0.5764037311990936,0.5802853863439021,0.2928878904015752,0.8546657487630638,0.7248136558073965,0.24149945587309868,0.2864923019140348,0.12061119320114648,0.9302115423600412,-0.13145339664036365
Slytherin,-0.678382112847904,0.6662422452023454,-0.9954567279442808,-0.09703722180525066,-0.47086311093711963,0.36356980993544963,0.5132229832322482,0.5449149453274702,-0.15780648984277676,-0.673948120358064
Gryffindor,0.3388279945258732,-0.33982015147326,0.5105469320420308,0.02032757691590354,0.6727096485339814,-0.6556398631726216,-0.6443797840543064,-0.16427350871184246,-0.12125543382778337,0.8496042756252831
Hufflepuff,1.3480122920379323,-1.3713615690392502,0.616709774415092,-1.011862945100859,-1.28937154591585,0.6125640062520324,0.5632404059085174,-0.4514792956881868,-0.1877750111470103,-0.2858229859293725
