House Name,teta0,teta1,teta2,teta3,teta4,teta5,teta6,teta7,teta8,teta9
Ravenclaw,-0.3127915076696968,1.425940048252173,0.3326156368817988,-0.4189347967774407,0.5781348191020844,1.570897022428364,0.08197520397883548,0.6345454816872362,0.5082389873501704,-0.42743311478471313
Slytherin,-0.9649824666068275,0.5008890380836654,0.8942211815966344,-1.1934489211278096,-0.056733067502440025,-1.2333334447132778,1.0600900282358343,1.6332690658845879,0.19247791312095097,-1.5912872854598914
Gryffindor,0.6420006283348676,0.0023065287604959192,-0.6403029746835551,1.6709164929325493,-0.03439768432498829,1.4631333095665553,-0.8678090060065895,-0.2622989810886779,0.600453207698353,1.7461870537022384
Hufflepuff,1.3307013199454067,1.5462808627419855,-1.383770228217227,0.4180199865297463,-1.6965798805340497,-1.5704034230806707,0.18491748259377142,0.12027634046082665,-0.5382471579411396,-0.28813304506160925
