House Name,Muggle Studies,Charms,History of Magic,Flying,Astronomy,Defense Against the Dark Arts,Ancient Runes,Potions,Care of Magical Creatures
Ravenclaw,-0.39708329792398467,0.3916856342963892,0.7602008251348371,0.6212493314863774,0.11229170201800047,0.006939716791268163,0.025880127188529316,0.774402673441498,0.017624196746626086
Slytherin,-0.6202900738917956,0.6285519795367892,-0.23494213596259952,-0.36693440865675475,-0.0055789656623949305,0.5135147706438329,-0.013675551377409187,-0.5914276176775054,-0.3658412715787888
Gryffindor,0.13391808883335352,-0.12535507995422182,0.012458858294259169,0.575278244237898,-0.6348777934741449,-0.19631399729567192,-0.03025477186379823,-0.33252109206910563,0.6722853853422861
Hufflepuff,0.8834552925389553,-0.8948825462415111,-0.5377175611409569,-0.8295931870003377,0.5281650497760988,-0.3241404935480046,0.018050147843979514,0.14954602293360553,-0.32406830300958794
